subject_id,session_id,nwb_object_id,session_start_time
SLR087,SLR087_arena_d1,14ua2bs,2018-07-06
SLR087,SLR087_arena_d2,1h0e24p,2018-07-06
SLR087,SLR087_arena_d3,vrzjkl,2018-07-06
SLR087,SLR087_arena_d4,1nmsm4n,2018-07-06
SLR087,SLR087_arena_d5,szr1ho,2018-07-06
SLR087,SLR087_arena_d6,v6mj6u,2018-07-06
SLR087,SLR087_arena_d7,tpv0p4,2018-07-06
SLR087,SLR087_arena_d8,9f5hhw,2018-07-06
SLR087,SLR087_arena_d9,1fv2c8,2018-07-11
SLR087,SLR087_arena_d10,wp37jz,2018-07-11
SLR087,SLR087_arena_d11,13oav6e,2018-07-11
SLR087,SLR087_arena_d12,1mb8ljx,2018-07-11
SLR087,SLR087_arena_d13,16d83tl,2018-07-11
SLR087,SLR087_arena_d14,cgo0ri,2018-07-11
SLR087,SLR087_arena_d15,1jc5hk4,2018-07-11
SLR087,SLR087_arena_d16,1ffti0t,2018-07-11
SLR087,SLR087_arena_d17,spo27a,2018-07-12
SLR087,SLR087_arena_d18,1y0rfwn,2018-07-12
SLR087,SLR087_arena_d19,qcdhpp,2018-07-12
SLR087,SLR087_arena_d20,1p2szib,2018-07-12
SLR087,SLR087_arena_d21,ytrdlt,2018-07-12
SLR087,SLR087_arena_d22,1t4nevm,2018-07-12
SLR087,SLR087_arena_d23,le8mji,2018-07-12
SLR087,SLR087_arena_d24,cokntb,2018-07-12
SLR089,SLR089_arena_d1,1sjk8fr,2018-07-25
SLR089,SLR089_arena_d2,et1wjh,2018-07-25
SLR089,SLR089_arena_d3,1n5jf88,2018-07-25
SLR089,SLR089_arena_d4,1rdxalu,2018-07-25
SLR089,SLR089_arena_d5,wy9qph,2018-07-25
SLR089,SLR089_arena_d6,cet65d,2018-07-25
SLR089,SLR089_arena_d7,r8sgmu,2018-07-25
SLR089,SLR089_arena_d8,1st7ucm,2018-07-26
SLR089,SLR089_arena_d9,1cb7u1s,2018-07-26
SLR089,SLR089_arena_d10,lj1usc,2018-07-26
SLR089,SLR089_arena_d11,16rdupn,2018-07-26
SLR089,SLR089_arena_d12,ymm6bn,2018-07-26
SLR089,SLR089_arena_d13,16fygzo,2018-07-26
SLR089,SLR089_arena_d14,s4xzfg,2018-07-26
SLR089,SLR089_arena_d15,1356000,2018-07-26
SLR089,SLR089_arena_d16,pufvcp,2018-07-26
SLR089,SLR089_arena_d17,1azqfyf,2018-07-26
SLR089,SLR089_arena_d18,1ehh0g2,2018-07-26
SLR089,SLR089_arena_d19,1grmnk6,2018-07-27
SLR089,SLR089_arena_d20,1ln4trh,2018-07-27
SLR089,SLR089_arena_d21,fkuvpi,2018-07-27
SLR089,SLR089_arena_d22,4z64wf,2018-07-27
SLR089,SLR089_arena_d23,112702m,2018-07-28
SLR089,SLR089_arena_d24,192lq88,2018-07-28
SLR089,SLR089_arena_d25,rzlb7p,2018-07-28
SLR089,SLR089_arena_d26,1kwrcx7,2018-07-28
SLR090,SLR090_arena_d1,1xddw60,2018-07-25
SLR090,SLR090_arena_d2,1nbubi2,2018-07-25
SLR090,SLR090_arena_d3,12oaft,2018-07-25
SLR090,SLR090_arena_d4,179r9gk,2018-07-25
SLR090,SLR090_arena_d5,1pbunpo,2018-07-26
SLR090,SLR090_arena_d6,15znjhy,2018-07-26
SLR090,SLR090_arena_d7,fcyjy5,2018-07-26
SLR090,SLR090_arena_d8,yqw6la,2018-07-26
SLR090,SLR090_arena_d9,1jydrib,2018-07-26
SLR090,SLR090_arena_d10,1c83e7d,2018-07-26
SLR090,SLR090_arena_d11,tb8qyr,2018-07-26
SLR090,SLR090_arena_d12,3mb405,2018-07-27
SLR090,SLR090_arena_d13,vwbf58,2018-07-27
SLR090,SLR090_arena_d14,15qk1fc,2018-07-27
SLR090,SLR090_arena_d15,1dyfrmw,2018-07-27
SLR090,SLR090_arena_d16,1raq2g8,2018-07-27
SLR090,SLR090_arena_d17,ezuij0,2018-07-27
SLR090,SLR090_arena_d18,h1csrm,2018-07-28
SLR090,SLR090_arena_d19,1keeu0m,2018-07-28
SLR090,SLR090_arena_d20,s1rlx0,2018-07-28
SLR090,SLR090_arena_d21,189jdyv,2018-07-28
SLR090,SLR090_arena_d22,ecgbtn,2018-07-28
SLR090,SLR090_arena_d23,x47pt2,2018-07-28
SLR090,SLR090_arena_d24,7venlv,2018-07-28
SLR092,SLR092_arena_d1,1tkyne3,2018-12-14
SLR092,SLR092_arena_d2,j068mk,2018-12-14
SLR092,SLR092_arena_d3,1wedt44,2018-12-14
SLR092,SLR092_arena_d4,ggbi4c,2018-12-14
SLR092,SLR092_arena_d5,1pquh2w,2018-12-14
SLR092,SLR092_arena_d6,kyxh43,2018-12-14
SLR092,SLR092_arena_d7,4gwr5t,2018-12-14
SLR092,SLR092_arena_d8,12yo4kc,2018-12-14
SLR092,SLR092_arena_d9,uks5tf,2018-12-14
SLR092,SLR092_arena_d10,1apbxwo,2018-12-15
SLR092,SLR092_arena_d11,1ymr1xs,2018-12-15
SLR092,SLR092_arena_d12,jorhcl,2018-12-15
SLR092,SLR092_arena_d13,1c7vl5u,2018-12-15
SLR092,SLR092_arena_d14,t2j44l,2018-12-15
SLR092,SLR092_arena_d15,1xhtb9g,2018-12-15
SLR092,SLR092_arena_d16,14wggbk,2018-12-15
SLR092,SLR092_arena_d17,n1lz2g,2018-12-15
SLR092,SLR092_arena_d18,12uh995,2018-12-15
SLR092,SLR092_arena_d19,r0k2jd,2018-12-15
SLR092,SLR092_arena_d20,163g5bn,2018-12-15
SLR092,SLR092_arena_d21,k8s841,2018-12-15
SLR092,SLR092_arena_d22,jes0mx,2018-12-15
SLR092,SLR092_arena_d23,zgof7j,2018-12-15
SLR092,SLR092_arena_d24,1w9w73c,2018-12-15
SLR092,SLR092_arena_d25,snfa3,2018-12-15
SLR092,SLR092_arena_d26,dioii,2018-12-15
SLR093,SLR093_arena_d1,7go602,2018-12-14
SLR093,SLR093_arena_d2,f19mvn,2018-12-14
SLR093,SLR093_arena_d3,x5lvib,2018-12-14
SLR093,SLR093_arena_d4,1tvitm0,2018-12-14
SLR093,SLR093_arena_d5,1ptcu4v,2018-12-14
SLR093,SLR093_arena_d6,13co3tf,2018-12-14
SLR093,SLR093_arena_d7,17z8y4e,2018-12-15
SLR093,SLR093_arena_d8,z6jq9l,2018-12-15
SLR093,SLR093_arena_d9,16lat3b,2018-12-15
SLR093,SLR093_arena_d10,2arz83,2018-12-15
SLR093,SLR093_arena_d11,1u093n9,2018-12-15
SLR093,SLR093_arena_d12,r8l798,2018-12-15
SLR093,SLR093_arena_d13,10bym51,2018-12-15
SLR093,SLR093_arena_d14,1y3xbqe,2018-12-15
SLR093,SLR093_arena_d15,1vczkew,2018-12-15
SLR093,SLR093_arena_d16,b4bhqt,2018-12-15
SLR093,SLR093_arena_d17,j18mhv,2018-12-15
SLR093,SLR093_arena_d18,kytv0g,2018-12-15
SLR093,SLR093_arena_d19,s2jha6,2018-12-15
SLR093,SLR093_arena_d20,10w22h6,2018-12-19
SLR093,SLR093_arena_d21,zt5jv,2018-12-19
SLR093,SLR093_arena_d22,9eqqys,2018-12-19
SLR094,SLR094_arena_h1,1byemkc,2019-02-08
SLR094,SLR094_arena_h2,pe60yf,2019-02-08
SLR094,SLR094_arena_h3,10d6bnm,2019-02-08
SLR094,SLR094_arena_h4,ufifsz,2019-02-08
SLR094,SLR094_arena_h5,v55j4,2019-02-08
SLR094,SLR094_arena_h6,3y3nr4,2019-02-08
SLR094,SLR094_arena_h7,1vpf52n,2019-02-12
SLR094,SLR094_arena_h8,rjve7m,2019-02-12
SLR094,SLR094_arena_h9,1xwz6v5,2019-02-12
SLR094,SLR094_arena_h10,1yu48h3,2019-02-12
SLR094,SLR094_arena_h11,kv1ugg,2019-02-12
SLR094,SLR094_arena_h12,rm9k93,2019-02-12
SLR094,SLR094_arena_h13,bkcrjf,2019-02-12
SLR094,SLR094_arena_h14,19aq9t,2019-02-12
SLR094,SLR094_arena_h15,12zjl30,2019-02-12
SLR094,SLR094_arena_h16,1ua8cgp,2019-02-12
SLR095,SLR095_arena_d1,1x13knd,2019-02-12
SLR095,SLR095_arena_d2,1icyyan,2019-02-12
SLR095,SLR095_arena_d3,15ouupf,2019-02-12
SLR095,SLR095_arena_d4,b99ran,2019-02-12
SLR095,SLR095_arena_d5,1op1s8s,2019-02-12
SLR095,SLR095_arena_d6,dr144,2019-02-12
SLR095,SLR095_arena_d7,oc4ybw,2019-02-13
SLR095,SLR095_arena_d8,1p4lhao,2019-02-13
SLR095,SLR095_arena_d9,1mtxei1,2019-02-13
SLR095,SLR095_arena_d10,1pxi167,2019-02-13
SLR095,SLR095_arena_d11,pt3lho,2019-02-13
SLR095,SLR095_arena_d12,1ysqyp0,2019-02-13
SLR095,SLR095_arena_d13,kczzyx,2019-02-17
SLR095,SLR095_arena_d14,i41tyk,2019-02-17
SLR095,SLR095_arena_d15,13ektcd,2019-02-17
SLR095,SLR095_arena_d16,1l4xv7q,2019-02-17
SLR095,SLR095_arena_d17,qurtj3,2019-02-17
SLR095,SLR095_arena_d18,dxswos,2019-02-17
SLR095,SLR095_arena_d19,1qggj6z,2019-02-18
SLR095,SLR095_arena_d20,f6ljc3,2019-02-18
SLR095,SLR095_arena_d21,1yt8m38,2019-02-18
SLR095,SLR095_arena_d22,1tfr4ss,2019-02-18
SLR095,SLR095_arena_d23,9pu3c3,2019-02-18
SLR095,SLR095_arena_d24,azt6v,2019-02-18
SLR095,SLR095_arena_d25,edknru,2019-02-18
SLR095,SLR095_arena_d26,hw5ymv,2019-02-18
SLR096,SLR096_arena_h1,zwd5d5,2019-03-02
SLR096,SLR096_arena_h2,1rknjv0,2019-03-02
SLR096,SLR096_arena_h3,19t7ioo,2019-03-02
SLR096,SLR096_arena_h4,1vfccl9,2019-03-02
SLR096,SLR096_arena_h5,fm5uqh,2019-03-03
SLR096,SLR096_arena_h6,1drqp7v,2019-03-03
SLR096,SLR096_arena_h7,18q8pve,2019-03-03
SLR096,SLR096_arena_h8,dp481j,2019-03-03
SLR096,SLR096_arena_h9,1t9qv9l,2019-03-03
SLR096,SLR096_arena_h10,8cvwa9,2019-03-03
SLR096,SLR096_arena_h11,1baczvm,2019-03-03
SLR096,SLR096_arena_h12,14s2via,2019-03-03
SLR096,SLR096_arena_h13,k4qbit,2019-03-03
SLR096,SLR096_arena_h14,1h6d91o,2019-03-04
SLR096,SLR096_arena_h15,2sxzsa,2019-03-04
SLR096,SLR096_arena_h16,98dh0u,2019-03-04
SLR096,SLR096_arena_h17,n6qym,2019-03-04
SLR097,SLR097_arena_h1,1f2nzfo,2019-03-02
SLR097,SLR097_arena_h2,1qxmfzx,2019-03-02
SLR097,SLR097_arena_h3,cv82xo,2019-03-02
SLR097,SLR097_arena_h4,1ce7rah,2019-03-02
SLR097,SLR097_arena_h5,mu5vse,2019-03-03
SLR097,SLR097_arena_h6,tlt9ab,2019-03-03
SLR097,SLR097_arena_h7,1ldxqct,2019-03-03
SLR097,SLR097_arena_h8,8bdi75,2019-03-03
SLR097,SLR097_arena_h9,ned41l,2019-03-03
SLR097,SLR097_arena_h10,vdbyuy,2019-03-03
SLR097,SLR097_arena_h11,1j7m35d,2019-03-03
SLR097,SLR097_arena_h12,6a4fje,2019-03-03
SLR097,SLR097_arena_h13,m7y86o,2019-03-03
SLR097,SLR097_arena_h14,jpgnls,2019-03-03
SLR097,SLR097_arena_h15,1ohhfqy,2019-03-04
SLR097,SLR097_arena_h16,iftvhf,2019-03-04
SLR097,SLR097_arena_h17,1kypd8e,2019-03-04
SLR097,SLR097_arena_h18,1v4y2ir,2019-03-04
SLR097,SLR097_arena_h19,oekmt,2019-03-04
SLR097,SLR097_arena_h20,150ltl7,2019-03-04
SLR099,SLR099_arena_h1,d3bm2u,2019-04-28
SLR099,SLR099_arena_h2,hcqc7k,2019-04-28
SLR099,SLR099_arena_h3,34e8mk,2019-04-28
SLR099,SLR099_arena_h4,1cjyx70,2019-04-28
SLR099,SLR099_arena_h5,1ocrzx1,2019-04-28
SLR099,SLR099_arena_h6,2d1p55,2019-04-29
SLR099,SLR099_arena_h7,1dag7gx,2019-04-29
SLR099,SLR099_arena_h8,7byua3,2019-04-29
SLR099,SLR099_arena_h9,167d7ds,2019-04-29
SLR099,SLR099_arena_h10,1u4mz38,2019-04-29
SLR099,SLR099_arena_h11,wx7mcc,2019-05-03
SLR099,SLR099_arena_h12,1pp7yc1,2019-05-03
SLR099,SLR099_arena_h13,6hqk4v,2019-05-03
SLR100,SLR100_arena_h1,18q6cyb,2019-04-29
SLR100,SLR100_arena_h2,19oglxk,2019-04-29
SLR100,SLR100_arena_h3,1h1jwrx,2019-04-29
SLR100,SLR100_arena_h4,1rd3zt,2019-04-29
SLR100,SLR100_arena_h5,oz58ra,2019-04-29
SLR100,SLR100_arena_h6,hnxd1h,2019-04-30
SLR100,SLR100_arena_h7,6zjrxe,2019-04-30
SLR100,SLR100_arena_h8,1n70k98,2019-04-30
SLR100,SLR100_arena_h9,1y1pyyd,2019-04-30
SLR100,SLR100_arena_h10,90g22x,2019-04-30
SLR100,SLR100_arena_h11,5lddn0,2019-04-30
SLR100,SLR100_arena_h12,1u005aa,2019-04-30
SLR100,SLR100_arena_h13,8oq0ud,2019-04-30
SLR100,SLR100_arena_h14,1h9gasa,2019-04-30
SLR102,SLR102_arena_d1,ypb09t,2019-07-28
SLR102,SLR102_arena_d2,2ayyxi,2019-07-28
SLR102,SLR102_arena_d3,17kuesw,2019-07-28
SLR102,SLR102_arena_d4,1akq72t,2019-07-28
SLR102,SLR102_arena_d5,8m5i87,2019-07-29
SLR102,SLR102_arena_d6,14vdfmh,2019-07-29
SLR102,SLR102_arena_d7,1228w9s,2019-07-29
SLR102,SLR102_arena_d8,14g0mqk,2019-07-29
SLR102,SLR102_arena_d9,l5qay7,2019-07-30
SLR102,SLR102_arena_d10,1kpiwv9,2019-07-30
SLR102,SLR102_arena_d11,azw6sp,2019-07-30
SLR102,SLR102_arena_d12,1bwigpa,2019-07-30
SLR102,SLR102_arena_d13,1s8oz86,2019-07-31
SLR102,SLR102_arena_d14,4jry0p,2019-07-31
SLR102,SLR102_arena_d15,yio8jd,2019-07-31
SLR103,SLR103_arena_d1,1hg121b,2019-07-28
SLR103,SLR103_arena_d2,12gnict,2019-07-28
SLR103,SLR103_arena_d3,mbp24g,2019-07-28
SLR103,SLR103_arena_d4,5xxb3l,2019-07-28
SLR103,SLR103_arena_d5,15evtha,2019-07-29
SLR103,SLR103_arena_d6,q8n7kb,2019-07-29
SLR103,SLR103_arena_d7,1o68wbc,2019-07-29
SLR103,SLR103_arena_d8,b3ypg,2019-07-29
SLR103,SLR103_arena_d9,1ojci7r,2019-07-29
SLR103,SLR103_arena_d10,1sn9i8b,2019-07-30
SLR103,SLR103_arena_d11,1rd07s,2019-07-30
SLR103,SLR103_arena_d12,1tyot72,2019-07-30
SLR103,SLR103_arena_d13,12egj8,2019-07-30
SLR105,SLR105_arena_d1,rjvhk4,2019-11-27
SLR105,SLR105_arena_d2,1wqdd0h,2019-11-27
SLR105,SLR105_arena_d3,1wrdv6g,2019-11-27
SLR105,SLR105_arena_d4,1fpclqu,2019-11-28
SLR105,SLR105_arena_d5,4wg4qu,2019-11-28
SLR105,SLR105_arena_d6,1se88lt,2019-11-28
SLR105,SLR105_arena_d7,17dn8ai,2019-11-28
SLR105,SLR105_arena_d8,1iwuqss,2019-11-28
SLR105,SLR105_arena_d9,hsve5s,2019-11-29
SLR105,SLR105_arena_d10,macpa,2019-11-29
SLR105,SLR105_arena_d11,9430j9,2019-11-29
SLR105,SLR105_arena_d12,9rsez1,2019-11-29
SLR105,SLR105_arena_d13,16p23xr,2019-11-30
SLR105,SLR105_arena_d14,9fb5hm,2019-11-30
SLR105,SLR105_arena_d15,swxgds,2019-11-30
SLR105,SLR105_arena_d16,140gnyv,2019-12-01
SLR105,SLR105_arena_d17,z6osxu,2019-12-01
SLR106,SLR106_arena_d1,<NONE>,2019-11-27
SLR106,SLR106_arena_d2,1g4xzfk,2019-11-28
SLR106,SLR106_arena_d3,1j0jgve,2019-11-28
SLR106,SLR106_arena_d4,751bge,2019-11-28
SLR106,SLR106_arena_d5,1dw6760,2019-11-28
SLR106,SLR106_arena_d6,1qoh27k,2019-11-28
SLR106,SLR106_arena_d7,ns8upr,2019-11-29
SLR106,SLR106_arena_d8,1a3m1hx,2019-11-29
SLR106,SLR106_arena_d9,tvlc2i,2019-11-29
SLR106,SLR106_arena_d10,1ubk4px,2019-11-30
SLR106,SLR106_arena_d11,pmyccw,2019-11-30
SLR106,SLR106_arena_d12,1smme9d,2019-11-30
SLR106,SLR106_arena_d13,<NONE>,2019-12-01
SLR107,SLR107_arena_h1,hm71cj,2019-12-19
SLR107,SLR107_arena_h2,2f2bsv,2019-12-19
SLR107,SLR107_arena_h3,<NONE>,2019-12-20
SLR107,SLR107_arena_h4,1m4de05,2019-12-21
SLR107,SLR107_arena_h5,1hgd4jz,2019-12-21
SLR107,SLR107_arena_h6,14q2yon,2019-12-21
SLR107,SLR107_arena_h7,4j83gz,2019-12-21
SLR107,SLR107_arena_h8,15zn5nh,2019-12-22
SLR107,SLR107_arena_h9,1du437g,2019-12-22
SLR107,SLR107_arena_h10,w8vlj2,2019-12-22
SLR107,SLR107_arena_h11,n5yl7o,2019-12-22
SLR107,SLR107_arena_h12,wg2l4z,2019-12-22
SLR107,SLR107_arena_h13,om4gw3,2019-12-22
SLR108,SLR108_arena_d1,zaiv3j,2019-12-20
SLR108,SLR108_arena_d2,1vkzhko,2019-12-20
SLR108,SLR108_arena_d3,1nceasu,2019-12-20
SLR108,SLR108_arena_d4,5eqxyh,2019-12-20
SLR108,SLR108_arena_d5,bh6iqy,2019-12-20
SLR108,SLR108_arena_d6,1sz8a0k,2019-12-21
SLR108,SLR108_arena_d7,chaknx,2019-12-21
SLR108,SLR108_arena_d8,zv83er,2019-12-21
SLR108,SLR108_arena_d9,180tw8c,2019-12-22
SLR108,SLR108_arena_d10,19od5p5,2019-12-22
SLR108,SLR108_arena_d11,1wc1nlu,2019-12-22
SLR110,SLR110_arena_d1,691qne,2020-02-05
SLR110,SLR110_arena_d2,kbm4rk,2020-02-05
SLR110,SLR110_arena_d3,yvo7ph,2020-02-06
SLR110,SLR110_arena_d4,e6o8ef,2020-02-06
SLR110,SLR110_arena_d5,j1ym22,2020-02-07
SLR110,SLR110_arena_d6,1f6fnud,2020-02-07
SLR110,SLR110_arena_d7,f1of3l,2020-02-07
SLR111,SLR111_arena_d1,<NONE>,2020-02-07
SLR111,SLR111_arena_d2,fo2z1k,2020-02-09
SLR111,SLR111_arena_d3,1czajj4,2020-02-09
SLR111,SLR111_arena_d4,137vpiy,2020-02-09
SLR111,SLR111_arena_d5,15gs3n5,2020-02-09
SLR111,SLR111_arena_d6,hlt52x,2020-02-09
SLR111,SLR111_arena_d7,1jf5hgd,2020-02-09
SLR112,SLR112_arena_d1,1thzsuy,2020-10-30
SLR112,SLR112_arena_d2,h295ys,2020-10-30
SLR112,SLR112_arena_d3,4afj6h,2020-10-30
SLR112,SLR112_arena_d4,1juash,2020-10-30
SLR112,SLR112_arena_d5,<NONE>,2020-10-31
SLR112,SLR112_arena_d6,1ei4aqe,2020-11-01
SLR112,SLR112_arena_d7,uvi1d7,2020-11-01
SLR112,SLR112_arena_d8,ptxbqn,2020-11-01
SLR112,SLR112_arena_d9,1qhyf6,2020-11-01
SLR113,SLR113_arena_d1,1kxrhh4,2020-11-26
SLR113,SLR113_arena_d2,vc3dpy,2020-11-26
SLR113,SLR113_arena_d3,q80d1,2020-11-27
SLR113,SLR113_arena_d4,u74crk,2020-11-27
SLR113,SLR113_arena_d5,r8julp,2020-11-27
SLR113,SLR113_arena_d6,1w3qnuf,2020-11-28
SLR113,SLR113_arena_d7,1rb8lmb,2020-11-28
SLR113,SLR113_arena_d8,1eyijth,2020-11-28
SLR113,SLR113_arena_d9,z23rs0,2020-11-28
SLR113,SLR113_arena_d10,1ne723e,2020-11-28
SLR114,SLR114_arena_h1,zrx2z4,2021-02-26
SLR114,SLR114_arena_h2,1yvn98a,2021-02-26
SLR114,SLR114_arena_h3,s6y2ir,2021-02-28
SLR114,SLR114_arena_h4,1eimtt7,2021-02-28
SLR114,SLR114_arena_h5,qigr3m,2021-02-28
SLR114,SLR114_arena_h6,qjgohv,2021-03-05
SLR114,SLR114_arena_h7,1puf7l5,2021-03-05
SLR114,SLR114_arena_h8,1lp250o,2021-03-05
SLR114,SLR114_arena_h9,jcuoal,2021-03-05
SLR114,SLR114_arena_h10,f64e0l,2021-03-06
SLR114,SLR114_arena_h11,s8zts4,2021-03-06
SLR114,SLR114_arena_h12,1sbu6g5,2021-03-06
SLR114,SLR114_arena_h13,1gdo90i,2021-03-06
SLR114,SLR114_arena_h14,12mz9tv,2021-03-07
SLR114,SLR114_arena_h15,1dadygb,2021-03-07
SLR114,SLR114_arena_h16,2gbxh7,2021-03-07
SLR115,SLR115_arena_d1,<NONE>,2021-02-26
SLR115,SLR115_arena_h1,6owkcr,2021-03-01
SLR115,SLR115_arena_h2,hixgzn,2021-03-01
SLR115,SLR115_arena_h3,kirab3,2021-03-02
SLR115,SLR115_arena_h4,1yzkexe,2021-03-02
SLR115,SLR115_arena_h5,152m37e,2021-03-05
SLR115,SLR115_arena_h6,1v2ijb0,2021-03-05
SLR115,SLR115_arena_h7,xzqtkv,2021-03-05
SLR115,SLR115_arena_h8,1qzkef9,2021-03-05
SLR115,SLR115_arena_h9,<NONE>,2021-03-08
SLR116,SLR116_arena_h1,dtq198,2021-09-09
SLR116,SLR116_arena_h2,14yxygr,2021-09-09
SLR116,SLR116_arena_h3,bfp412,2021-09-09
SLR116,SLR116_arena_h4,uhqsy8,2021-09-11
SLR116,SLR116_arena_h5,1p2osyl,2021-09-11
SLR116,SLR116_arena_h6,80vule,2021-09-11
SLR116,SLR116_arena_h7,1gvsenh,2021-09-11
SLR116,SLR116_arena_h8,w47raw,2021-09-13
SLR116,SLR116_arena_h9,13kdn94,2021-09-13
SLR116,SLR116_arena_h10,4iqcuh,2021-09-13
SLR116,SLR116_arena_h11,za6q4l,2021-09-14
SLR116,SLR116_arena_h12,1emp0eg,2021-09-14
SLR116,SLR116_arena_h13,11btoco,2021-09-14
SLR117,SLR117_arena_h1,1otdz2t,2021-09-11
SLR117,SLR117_arena_h2,1edz2fv,2021-09-11
SLR117,SLR117_arena_h3,142mril,2021-09-13
SLR117,SLR117_arena_h4,18lmyl8,2021-09-13
SLR117,SLR117_arena_h5,zt4h7w,2021-09-13
SLR117,SLR117_arena_h6,16o25x4,2021-09-14
SLR117,SLR117_arena_h7,1p9gdag,2021-09-14
SLR117,SLR117_arena_h8,cbhkl8,2021-09-14
SLR117,SLR117_arena_h9,dmhccx,2021-09-15
SLR117,SLR117_arena_h10,p0rv2y,2021-09-15
SLR117,SLR117_arena_h11,17krpfw,2021-09-15
SLR119,SLR119_arena_d1,5h53n1,2021-11-04
SLR119,SLR119_arena_d2,uf7bff,2021-11-04
SLR119,SLR119_arena_d3,ua1354,2021-11-06
SLR119,SLR119_arena_d4,9fffua,2021-11-06
SLR119,SLR119_arena_d5,1oun13y,2021-11-06
SLR119,SLR119_arena_h1,1057scg,2021-11-05
SLR119,SLR119_arena_h2,1tn6zsj,2021-11-05
SLR119,SLR119_arena_h3,oumsm5,2021-11-05
SLR119,SLR119_arena_h4,1bunqyv,2021-11-07
SLR119,SLR119_arena_h5,1gv3jqm,2021-11-07
SLR119,SLR119_arena_h6,1pvx8m4,2021-11-07
SLR119,SLR119_arena_h7,ayomtd,2021-11-07
SLR119,SLR119_arena_h8,1qf78jd,2021-11-07
SLR119,SLR119_arena_h9,ifgnt2,2021-11-07
SLR119,SLR119_arena_h10,14nll4k,2021-11-08
SLR119,SLR119_arena_h11,1thodu5,2021-11-08
SLR119,SLR119_arena_h12,1px0b10,2021-11-08
SLR119,SLR119_arena_h13,es24x8,2021-11-08
SLR120,SLR120_arena_h1,q6cit0,2022-01-05
SLR120,SLR120_arena_h2,9336tv,2022-01-05
SLR120,SLR120_arena_h3,1azl8p1,2022-01-05
SLR120,SLR120_arena_h4,h40u5h,2022-01-05
SLR120,SLR120_arena_h5,ip90dg,2022-01-06
SLR120,SLR120_arena_h6,fol8io,2022-01-06
SLR120,SLR120_arena_h7,2l2ee0,2022-01-06
SLR120,SLR120_arena_h8,1uq39xq,2022-01-06
SLR120,SLR120_arena_h9,cw5yyz,2022-01-06
SLR120,SLR120_arena_h10,9uuulh,2022-01-06
SLR120,SLR120_arena_h11,1ky0it9,2022-01-07
SLR120,SLR120_arena_h12,shecx2,2022-01-07
SLR120,SLR120_arena_h13,1novb2p,2022-01-07
SLR121,SLR121_arena_h1,19x0z2x,2022-01-09
SLR121,SLR121_arena_h2,nz9j0h,2022-01-09
SLR121,SLR121_arena_h3,t8vqw1,2022-01-09
SLR121,SLR121_arena_h4,w2179x,2022-01-12
SLR121,SLR121_arena_h5,1ex8775,2022-01-12
SLR121,SLR121_arena_h6,1j8fldk,2022-01-12
SLR121,SLR121_arena_h7,1v8qd9x,2022-01-12
SLR121,SLR121_arena_h8,19ubu6u,2022-01-12
SLR121,SLR121_arena_h9,gehqxr,2022-01-12
SLR121,SLR121_arena_h10,gvju76,2022-01-13
SLR121,SLR121_arena_h11,1h5i4ez,2022-01-13
SLR121,SLR121_arena_h12,1fevyod,2022-01-13
SLR121,SLR121_arena_h13,1bl2t2j,2022-01-13
SLR121,SLR121_arena_h14,g1zalw,2022-01-13
SLR122,SLR122_arena_h1,1o8y7in,2022-02-01
SLR122,SLR122_arena_h2,1j4bqbs,2022-02-01
SLR122,SLR122_arena_h3,4bnxi0,2022-02-01
SLR122,SLR122_arena_h4,11izc0s,2022-02-02
SLR122,SLR122_arena_h5,9sdk7v,2022-02-02
SLR122,SLR122_arena_h6,2lh38q,2022-02-02
SLR122,SLR122_arena_h7,1lvst0t,2022-02-02
SLR122,SLR122_arena_h8,rkrdwd,2022-02-02
SLR122,SLR122_arena_h9,1sc7a4r,2022-02-02
SLR122,SLR122_arena_h10,ob9q2,2022-02-03
SLR122,SLR122_arena_h11,10i8paq,2022-02-03
SLR122,SLR122_arena_h12,1a5tesq,2022-02-03
SLR122,SLR122_arena_h13,i96gz,2022-02-03
SLR123,SLR123_arena_h1,1905xa2,2022-02-18
SLR123,SLR123_arena_h2,1ebmbey,2022-02-18
SLR123,SLR123_arena_h3,1pa0sf3,2022-02-18
SLR123,SLR123_arena_h4,1f5omql,2022-02-19
SLR123,SLR123_arena_h5,1bjxkkq,2022-02-19
SLR123,SLR123_arena_h6,141djk,2022-02-19
SLR123,SLR123_arena_h7,14nkg11,2022-02-19
SLR123,SLR123_arena_h8,11ixn5a,2022-02-19
SLR123,SLR123_arena_h9,me09bt,2022-02-19
SLR123,SLR123_arena_h10,af1y43,2022-02-21
SLR123,SLR123_arena_h11,a6g529,2022-02-21
SLR123,SLR123_arena_h12,4g9y2b,2022-02-21
SLR124,SLR124_arena_h1,18tu5hx,2022-03-01
SLR124,SLR124_arena_h2,ierw6t,2022-03-01
SLR124,SLR124_arena_h3,19jxibu,2022-03-01
SLR124,SLR124_arena_h4,tyk7zp,2022-03-02
SLR124,SLR124_arena_h5,1p8glff,2022-03-02
SLR124,SLR124_arena_h6,50qg12,2022-03-02
SLR124,SLR124_arena_h7,1qy2y3c,2022-03-02
SLR124,SLR124_arena_h8,wigds3,2022-03-02
SLR124,SLR124_arena_h9,1fa0zap,2022-03-02
SLR124,SLR124_arena_h10,19sntr8,2022-03-03
SLR124,SLR124_arena_h11,1len5q,2022-03-03
SLR124,SLR124_arena_h12,jp7pvj,2022-03-03
SLR124,SLR124_arena_h13,17obd1p,2022-03-03
SLR124,SLR124_arena_h14,1s71z1p,2022-03-03
SLR124,SLR124_arena_h15,114sg14,2022-03-03
SLR125,SLR125_arena_h1,nny0ux,2022-07-31
SLR125,SLR125_arena_h2,1jdd0b0,2022-07-31
SLR125,SLR125_arena_h3,g96i3s,2022-07-31
SLR125,SLR125_arena_h4,9r3595,2022-07-31
SLR125,SLR125_arena_h5,5vw24v,2022-07-31
SLR125,SLR125_arena_h6,1f4dyso,2022-08-01
SLR125,SLR125_arena_h7,zx9ck0,2022-08-01
SLR125,SLR125_arena_h8,1nphna4,2022-08-01
SLR125,SLR125_arena_h9,<NONE>,2022-08-02
SLR126,SLR126_arena_h1,1gzec70,2022-08-01
SLR126,SLR126_arena_h2,hgxsr5,2022-08-01
SLR126,SLR126_arena_h3,181lv2f,2022-08-01
SLR126,SLR126_arena_h4,2mqt3v,2022-08-02
SLR126,SLR126_arena_h5,1l8xdk0,2022-08-02
SLR126,SLR126_arena_h6,1vrj4oo,2022-08-02
SLR126,SLR126_arena_h7,1fv9sjs,2022-08-02
SLR126,SLR126_arena_h8,15eeg95,2022-08-02
